round,case,points_per_stroke,strokes,first_cpu_ink_p95_ms,handler_p95_ms,frame_interval_p95_ms,observed_raf_hz,heap_before_bytes,heap_after_bytes
1,short,16,1,0.6000000000931323,0.30000000004656613,16.700000000000045,60.00857265323618,31362404,31081012
1,long,520,1,0.10000000009313226,0.10000000009313226,16.700000000000728,60.00301173417971,31493144,31891560
1,dozens,20,40,0.20000000018626451,0.10000000009313226,33.29999999999927,56.99824274192337,31585992,35818448
2,short,16,1,0.8999999999068677,0.30000000004656613,16.700000000000045,60.0343053173242,31068872,31573880
2,long,520,1,0.20000000018626451,0.10000000009313226,16.799999999999955,60.002316691764165,31299832,31600092
2,dozens,20,40,0.20000000018626451,0.10000000009313226,33.20000000000073,57.06981465468627,31695632,35647232
3,short,16,1,1,0.20000000018626451,16.700000000000045,59.9828620394173,30924655,31412867
3,long,520,1,0.19999999995343387,0.10000000009313226,16.700000000000728,60.002316691764165,31079891,31372835
3,dozens,20,40,0.30000000004656613,0.19999999995343387,33.20000000000073,56.92685012262899,31480963,35340239
